"2199023255792", "/imdb_crop/72/nm0000072_rm2223557632_1932-2-27_1963.jpg", "37383395353984", "Haim", "/imdb_crop/28/nm0000128_rm4265843200_1964-4-7_2007.jpg", "Sayyan"
"2199023264980", "/imdb_crop/92/nm0000092_rm3459894272_1939-10-27_1975.jpg", "35184372097076", "Abdoulaye", "/imdb_crop/27/nm0000127_rm2334235392_1939-8-2_2001.jpg", "Birni_Nkonni"
"6597069771139", "/imdb_crop/95/nm0000095_rm127633152_1935-12-1_1979.jpg", "35184372098834", "Ahmad Rafiq", "/imdb_crop/28/nm0000128_rm1921092608_1964-4-7_2003.jpg", "Depok"
"10995116279686", "/imdb_crop/98/nm0000098_rm3774602496_1969-2-11_1994.jpg", "32985348840879", "Sam", "/imdb_crop/25/nm0000125_rm2062716160_1930-8-25_1962.jpg", "Taipei"
"13194139543225", "/imdb_crop/02/nm0000102_rm3460481792_1958-7-8_2013.jpg", "35184372097809", "Jason", "/imdb_crop/28/nm0000128_rm1388484864_1964-4-7_2006.jpg", "Winnipeg"
"17592186050850", "/imdb_crop/06/nm0000106_rm796118528_1975-2-22_2014.jpg", "35184372096170", "Lei", "/imdb_crop/26/nm0000126_rm647404288_1955-1-18_2005.jpg", "Datong"
"21990232559455", "/imdb_crop/12/nm0000112_rm842177024_1953-5-16_1999.jpg", "35184372091084", "Alejandro", "/imdb_crop/26/nm0000126_rm1803932672_1955-1-18_2014.jpg", "Puerto_Montt"
"26388279069826", "/imdb_crop/15/nm0000115_rm3542399744_1964-1-7_2002.jpg", "35184372095646", "Ajith", "/imdb_crop/26/nm0000126_rm454983680_1955-1-18_1990.jpg", "Colombo"
"30786325584989", "/imdb_crop/23/nm0000123_rm3797801216_1961-5-6_2013.jpg", "32985348843490", "Yang", "/imdb_crop/25/nm0000125_rm439125248_1930-8-25_1964.jpg", "Artux"
"32985348839582", "/imdb_crop/25/nm0000125_rm1100336640_1930-8-25_1989.jpg", "32985348843830", "Zhong", "/imdb_crop/25/nm0000125_rm589333760_1930-8-25_1978.jpg", "Gaocheng"
